No;Nama;Rating;Comments;links
1;Casio General F-94WA-8DG;5;pokoknya mantap;https://www.tokopedia.com/machtwatch/casio-general-f-94wa-8dg-jam-pria-ori-bergaransi?extParam=whid%3D79902
2;Casio General F-94WA-8DG;5;Thanks to Tokopedia, Seller Machtwatch barang nya sudah sampai dengan selamat walaupun agak lambat ... untuk pihak Expedisi mohon di tingkatkan lagi kinerja & sinergitas nya biasa 4 atau 5 hari sudah sampai ini mau 10 hari baru sampai mudah mudahan kedepan lebih di tingkatkan lagi...?? ok Thanks...;https://www.tokopedia.com/machtwatch/casio-general-f-94wa-8dg-jam-pria-ori-bergaransi?extParam=whid%3D79903
3;Casio General F-94WA-8DG;5;model cakep, pengiriman cepat;https://www.tokopedia.com/machtwatch/casio-general-f-94wa-8dg-jam-pria-ori-bergaransi?extParam=whid%3D79904
4;Casio General F-94WA-8DG;5;Kereennn;https://www.tokopedia.com/machtwatch/casio-general-f-94wa-8dg-jam-pria-ori-bergaransi?extParam=whid%3D79905
5;Casio General F-94WA-8DG;5;Pengemasan rapih, dan barang bagus banget dgn harga segitu, model nya cakep bangets recomended banget sdh 2 kali beli barang bagus;https://www.tokopedia.com/machtwatch/casio-general-f-94wa-8dg-jam-pria-ori-bergaransi?extParam=whid%3D79906
6;Casio General F-94WA-8DG;5;jam nya keren, cocok deh;https://www.tokopedia.com/machtwatch/casio-general-f-94wa-8dg-jam-pria-ori-bergaransi?extParam=whid%3D79907
7;Casio General F-94WA-8DG;5;Terimakasih barang sudah sampai;https://www.tokopedia.com/machtwatch/casio-general-f-94wa-8dg-jam-pria-ori-bergaransi?extParam=whid%3D79908
8;Casio General F-94WA-8DG;5;Fast respon & informatif adminnya Barang bagus Packing aman;https://www.tokopedia.com/machtwatch/casio-general-f-94wa-8dg-jam-pria-ori-bergaransi?extParam=whid%3D79909
9;Casio General F-94WA-8DG;5;Pelayanan dan service toko sangat cepat!;https://www.tokopedia.com/machtwatch/casio-general-f-94wa-8dg-jam-pria-ori-bergaransi?extParam=whid%3D79910
10;Casio General F-94WA-8DG;5;paling mantep dah ini toko kalo urusan jam tangan;https://www.tokopedia.com/machtwatch/casio-general-f-94wa-8dg-jam-pria-ori-bergaransi?extParam=whid%3D79911
11;Casio General F-94WA-8DG;5;sesuai deskripsi dan sangat puas;https://www.tokopedia.com/machtwatch/casio-general-f-94wa-8dg-jam-pria-ori-bergaransi?extParam=whid%3D79912
12;Casio General F-94WA-8DG;5;Pasti puas belanja disini, barangnya OK, pelayanan nya juga ramah, fast respon, pengiriman cepat, packing barangnya jg sangat safety.. Good service good quality..;https://www.tokopedia.com/machtwatch/casio-general-f-94wa-8dg-jam-pria-ori-bergaransi?extParam=whid%3D79913
13;Casio General F-94WA-8DG;5;keren jam tangannya, dan original. cocok juga buat cewek.;https://www.tokopedia.com/machtwatch/casio-general-f-94wa-8dg-jam-pria-ori-bergaransi?extParam=whid%3D79914
14;Casio General F-94WA-8DG;5;Barang oke, proses cepat, packing aman. Mantappp;https://www.tokopedia.com/machtwatch/casio-general-f-94wa-8dg-jam-pria-ori-bergaransi?extParam=whid%3D79915
15;Casio General F-94WA-8DG;5;Keren diameter nya pas banget sama tangan si ganteng;https://www.tokopedia.com/machtwatch/casio-general-f-94wa-8dg-jam-pria-ori-bergaransi?extParam=whid%3D79916
16;Casio General F-94WA-8DG;5;Ok, barang dalam kondisi dan berfungsi dengan baik. Datang tepat waktu, packing bagus, responnya baik. Rekomen untuk beli kembali. Tks.;https://www.tokopedia.com/machtwatch/casio-general-f-94wa-8dg-jam-pria-ori-bergaransi?extParam=whid%3D79917
17;Casio General F-94WA-8DG;5;Alhamdulillah jam nya bagus...aku beliin buta suamiku..semoga awet dan berkah barokah...terimakasih seller tokped dan pak kurirnya semoga semua diberi kesehatan dan riski...;https://www.tokopedia.com/machtwatch/casio-general-f-94wa-8dg-jam-pria-ori-bergaransi?extParam=whid%3D79918
18;Casio General F-94WA-8DG;5;ntap;https://www.tokopedia.com/machtwatch/casio-general-f-94wa-8dg-jam-pria-ori-bergaransi?extParam=whid%3D79919
19;Casio General F-94WA-8DG;5;barang mantap pengiriman mantap;https://www.tokopedia.com/machtwatch/casio-general-f-94wa-8dg-jam-pria-ori-bergaransi?extParam=whid%3D79920
20;Casio General F-94WA-8DG;5;mantab nih sesuai deskripsi. kualitas ori dan bergaransi;https://www.tokopedia.com/machtwatch/casio-general-f-94wa-8dg-jam-pria-ori-bergaransi?extParam=whid%3D79921
21;Casio General AE-1000W-1AVDF;5;makasii jam nya udh keterima dan berfungsi dgn baik, ori casio;https://www.tokopedia.com/gshockoriginal/promo-jam-tangan-casio-general-ae-1000w-1avdf-original-murah?extParam=ivf%3Dfalse%26src%3Dsearch&refined=true
22;Casio General AE-1000W-1AVDF;5;keren dan apik. pas;https://www.tokopedia.com/gshockoriginal/promo-jam-tangan-casio-general-ae-1000w-1avdf-original-murah?extParam=ivf%3Dfalse%26src%3Dsearch&refined=true
23;Casio General AE-1000W-1AVDF;5;terimakasih barang sudah saya terima, belum dipakai sih, semoga awet;https://www.tokopedia.com/gshockoriginal/promo-jam-tangan-casio-general-ae-1000w-1avdf-original-murah?extParam=ivf%3Dfalse%26src%3Dsearch&refined=true
24;Casio General AE-1000W-1AVDF;5;pengirimannya cepat barangnya sesuai gambar semuanya ok;https://www.tokopedia.com/gshockoriginal/promo-jam-tangan-casio-general-ae-1000w-1avdf-original-murah?extParam=ivf%3Dfalse%26src%3Dsearch&refined=true
25;Casio General AE-1000W-1AVDF;5;model keren, pas ditangan, barang berfungsi dengan baik.datang tepat waktu;https://www.tokopedia.com/gshockoriginal/promo-jam-tangan-casio-general-ae-1000w-1avdf-original-murah?extParam=ivf%3Dfalse%26src%3Dsearch&refined=true
26;Casio General AE-1000W-1AVDF;5;Pesanan sesuai deskripsi. Barang bagus, semoga awet. Terimakasih !;https://www.tokopedia.com/gshockoriginal/promo-jam-tangan-casio-general-ae-1000w-1avdf-original-murah?extParam=ivf%3Dfalse%26src%3Dsearch&refined=true
27;Casio General AE-1000W-1AVDF;5;bagus;https://www.tokopedia.com/gshockoriginal/promo-jam-tangan-casio-general-ae-1000w-1avdf-original-murah?extParam=ivf%3Dfalse%26src%3Dsearch&refined=true
28;Casio General AE-1000W-1AVDF;5;barang sudah sampai dengan aman, moga awet, makasih ya, moga makin laris manis dagangannya;https://www.tokopedia.com/gshockoriginal/promo-jam-tangan-casio-general-ae-1000w-1avdf-original-murah?extParam=ivf%3Dfalse%26src%3Dsearch&refined=true
29;Casio General AE-1000W-1AVDF;5;Pengiriman cepat. Barang original dan bergaransi.;https://www.tokopedia.com/gshockoriginal/promo-jam-tangan-casio-general-ae-1000w-1avdf-original-murah?extParam=ivf%3Dfalse%26src%3Dsearch&refined=true
30;Casio General AE-1000W-1AVDF;5;bagusss…;https://www.tokopedia.com/gshockoriginal/promo-jam-tangan-casio-general-ae-1000w-1avdf-original-murah?extParam=ivf%3Dfalse%26src%3Dsearch&refined=true
31;Casio Edifice EF 556 ;5;keren !!! jam nya berat dan detail , mantap dipakai .;https://www.tokopedia.com/adventurez/jam-tangan-pria-merk-casio-edifice-ef-556-original-bm-free-jne-yes?extParam=ivf%3Dfalse&src=topads
32;Casio Edifice EF 556 ;5;Barang datang sesuai pesanan dan foto, serta proses delivery nya cepat;https://www.tokopedia.com/adventurez/jam-tangan-pria-merk-casio-edifice-ef-556-original-bm-free-jne-yes?extParam=ivf%3Dfalse&src=topads
33;Casio Edifice EF 556 ;5;model bagus dan sesuai dengan kantong;https://www.tokopedia.com/adventurez/jam-tangan-pria-merk-casio-edifice-ef-556-original-bm-free-jne-yes?extParam=ivf%3Dfalse&src=topads
34;Casio Edifice EF 556 ;5;model keren, order kedua kalinya;https://www.tokopedia.com/adventurez/jam-tangan-pria-merk-casio-edifice-ef-556-original-bm-free-jne-yes?extParam=ivf%3Dfalse&src=topads
35;Casio Edifice EF 556 ;5;bagus, sesuai dengan gambar;https://www.tokopedia.com/adventurez/jam-tangan-pria-merk-casio-edifice-ef-556-original-bm-free-jne-yes?extParam=ivf%3Dfalse&src=topads
36;Casio Edifice EF 556 ;5;terimakasih;https://www.tokopedia.com/adventurez/jam-tangan-pria-merk-casio-edifice-ef-556-original-bm-free-jne-yes?extParam=ivf%3Dfalse&src=topads
37;Casio Edifice EF 556 ;5;Barang pesanan sudah sampai...makasih;https://www.tokopedia.com/adventurez/jam-tangan-pria-merk-casio-edifice-ef-556-original-bm-free-jne-yes?extParam=ivf%3Dfalse&src=topads
38;Casio Edifice EF 556 ;5;cepet sampainya;https://www.tokopedia.com/adventurez/jam-tangan-pria-merk-casio-edifice-ef-556-original-bm-free-jne-yes?extParam=ivf%3Dfalse&src=topads
39;Casio Edifice EF 556 ;5;thanks orang nya seneng;https://www.tokopedia.com/adventurez/jam-tangan-pria-merk-casio-edifice-ef-556-original-bm-free-jne-yes?extParam=ivf%3Dfalse&src=topads
40;Casio Edifice EF 556 ;5;Proses cpt, brg aman dan oke. Thanks buat bonusnya jg…sukses selalu.;https://www.tokopedia.com/adventurez/jam-tangan-pria-merk-casio-edifice-ef-556-original-bm-free-jne-yes?extParam=ivf%3Dfalse&src=topads
41;Casio General MW-240-1E2VDF Original ;4;mantap cuma karetnya agak kaku;https://www.tokopedia.com/gshockoriginal/jam-tangan-casio-general-mw-240-1e2vdf-original-murah-5bdb?extParam=ivf%3Dfalse%26src%3Dsearch&refined=true
42;Casio General MW-240-1E2VDF Original ;4;Transaksi rabu siang, barang nyampe BSD kamis sore  Packing bubble wrap  Jam berfungsi normal  model keren gak kek jam 200rb  Sayang diameter gk sesuai deskripsi la...;https://www.tokopedia.com/gshockoriginal/jam-tangan-casio-general-mw-240-1e2vdf-original-murah-5bdb?extParam=ivf%3Dfalse%26src%3Dsearch&refined=true
43;Casio General MW-240-1E2VDF Original ;4;sesuai harapan ,,makasih;https://www.tokopedia.com/gshockoriginal/jam-tangan-casio-general-mw-240-1e2vdf-original-murah-5bdb?extParam=ivf%3Dfalse%26src%3Dsearch&refined=true
44;Casio General MW-240-1E2VDF Original ;4;barang lumayan lah untuk merk casio harga segitu..fast respon seller;https://www.tokopedia.com/gshockoriginal/jam-tangan-casio-general-mw-240-1e2vdf-original-murah-5bdb?extParam=ivf%3Dfalse%26src%3Dsearch&refined=true
45;Casio General MW-240-1E2VDF Original ;4;barangnya bagus sih, tapi gara gara beli box kaleng jadi gadikasih box kardus birunya :(;https://www.tokopedia.com/gshockoriginal/jam-tangan-casio-general-mw-240-1e2vdf-original-murah-5bdb?extParam=ivf%3Dfalse%26src%3Dsearch&refined=true
46;Casio General MW-240-1E2VDF Original ;4;Stok lama keliatannya jadi udah ga seger, tapi ori.;https://www.tokopedia.com/gshockoriginal/jam-tangan-casio-general-mw-240-1e2vdf-original-murah-5bdb?extParam=ivf%3Dfalse%26src%3Dsearch&refined=true
47;Casio General MW-240-1E2VDF Original ;4;Sesuai harga;https://www.tokopedia.com/gshockoriginal/jam-tangan-casio-general-mw-240-1e2vdf-original-murah-5bdb?extParam=ivf%3Dfalse%26src%3Dsearch&refined=true
48;Casio General MW-240-1E2VDF Original ;4;Pengiriman cepat... barang bagus.. recomended banget…;https://www.tokopedia.com/gshockoriginal/jam-tangan-casio-general-mw-240-1e2vdf-original-murah-5bdb?extParam=ivf%3Dfalse%26src%3Dsearch&refined=true
49;Casio General MW-240-1E2VDF Original ;4;Semoga awet;https://www.tokopedia.com/gshockoriginal/jam-tangan-casio-general-mw-240-1e2vdf-original-murah-5bdb?extParam=ivf%3Dfalse%26src%3Dsearch&refined=true
50;Casio General MW-240-1E2VDF Original ;4;bagus sih, smg kena air ga mati sesuai deskripsi;https://www.tokopedia.com/gshockoriginal/jam-tangan-casio-general-mw-240-1e2vdf-original-murah-5bdb?extParam=ivf%3Dfalse%26src%3Dsearch&refined=true
51;Casio General AE-1000W-1AVDF;4;overall mantul lah... tp tinta stampelnya pake yg permanen donk.. talinya kok kaku ya,, plastik atau karet..???;https://www.tokopedia.com/gshockoriginal/promo-jam-tangan-casio-general-ae-1000w-1avdf-original-murah?extParam=ivf%3Dfalse%26src%3Dsearch&refined=true 
52;Casio General AE-1000W-1AVDF;4;jamnya bagus, barangnya aman, cuma kurang sip sama jasa pengirimannya tidak mengantarkan sampai ke lokasi;https://www.tokopedia.com/gshockoriginal/promo-jam-tangan-casio-general-ae-1000w-1avdf-original-murah?extParam=ivf%3Dfalse%26src%3Dsearch&refined=true 
53;Casio General AE-1000W-1AVDF;4;Ukurannya cocok untuk anak2;https://www.tokopedia.com/gshockoriginal/promo-jam-tangan-casio-general-ae-1000w-1avdf-original-murah?extParam=ivf%3Dfalse%26src%3Dsearch&refined=true 
54;Casio General AE-1000W-1AVDF;4;Cepat dan sesuai ekspetasi;https://www.tokopedia.com/gshockoriginal/promo-jam-tangan-casio-general-ae-1000w-1avdf-original-murah?extParam=ivf%3Dfalse%26src%3Dsearch&refined=true 
55;Casio General AE-1000W-1AVDF;4;berfungsi dengan baik.;https://www.tokopedia.com/gshockoriginal/promo-jam-tangan-casio-general-ae-1000w-1avdf-original-murah?extParam=ivf%3Dfalse%26src%3Dsearch&refined=true 
56;Casio General AE-1000W-1AVDF;4;buatan China;https://www.tokopedia.com/gshockoriginal/promo-jam-tangan-casio-general-ae-1000w-1avdf-original-murah?extParam=ivf%3Dfalse%26src%3Dsearch&refined=true 
57;Casio Edifice EF 556 ;4;Barang bagus, tapi kaget aja pengiriman dari surabaya;https://www.tokopedia.com/adventurez/jam-tangan-pria-merk-casio-edifice-ef-556-original-bm-free-jne-yes?extParam=ivf%3Dfalse&src=topads
58;Casio Edifice EF 556 ;4;jamnya lumayan bagus. pengiriman ya oke lah.. lumayan berat jg jam tangannya dan pas di pake kebesaran…;https://www.tokopedia.com/adventurez/jam-tangan-pria-merk-casio-edifice-ef-556-original-bm-free-jne-yes?extParam=ivf%3Dfalse&src=topads
59;Casio Edifice EF 556 ;4;bagus barangnya tetapi pengiriman 1 day di ganti 5 hari;https://www.tokopedia.com/adventurez/jam-tangan-pria-merk-casio-edifice-ef-556-original-bm-free-jne-yes?extParam=ivf%3Dfalse&src=topads
60;Casio Edifice EF 556 ;4;Barang bagus, sesuai deskripsi. Hanya pengirimannya agak lama. Dr surabaya soalnya.;https://www.tokopedia.com/adventurez/jam-tangan-pria-merk-casio-edifice-ef-556-original-bm-free-jne-yes?extParam=ivf%3Dfalse&src=topads
61;Casio Edifice EF 556 ;4;Puas walaupun ada kendala sedikit;https://www.tokopedia.com/adventurez/jam-tangan-pria-merk-casio-edifice-ef-556-original-bm-free-jne-yes?extParam=ivf%3Dfalse&src=topads
62;Casio Edifice EF 556 ;4;Barang ny lumayan pelayanan ny bagus;https://www.tokopedia.com/adventurez/jam-tangan-pria-merk-casio-edifice-ef-556-original-bm-free-jne-yes?extParam=ivf%3Dfalse&src=topads
63;Casio Edifice EF 556 ;4;Barang lumayan dan packing aman banget;https://www.tokopedia.com/adventurez/jam-tangan-pria-merk-casio-edifice-ef-556-original-bm-free-jne-yes?extParam=ivf%3Dfalse&src=topads
64;Casio Edifice EF 556 ;4;Lumayan bagus....sesuai foto produk;https://www.tokopedia.com/adventurez/jam-tangan-pria-merk-casio-edifice-ef-556-original-bm-free-jne-yes?extParam=ivf%3Dfalse&src=topads
65;FOSSIL FS5437 FS 5448;4;barang sesuai pesanan;https://www.tokopedia.com/sumisaenwatchstore/jam-tangan-pria-fossil-fs5437-fs-5437-original?extParam=ivf%3Dfalse%26src%3Dsearch
66;FOSSIL FS5437 FS 5449;4;baramg mendarat dengan aman..kak thanks;https://www.tokopedia.com/sumisaenwatchstore/jam-tangan-pria-fossil-fs5437-fs-5437-original?extParam=ivf%3Dfalse%26src%3Dsearch
67;FOSSIL FS5437 FS 5450;4;respon cepat, pengiriman cepat;https://www.tokopedia.com/sumisaenwatchstore/jam-tangan-pria-fossil-fs5437-fs-5437-original?extParam=ivf%3Dfalse%26src%3Dsearch
68;FOSSIL FS5437 FS 5451;4;yalumayan aja ya;https://www.tokopedia.com/sumisaenwatchstore/jam-tangan-pria-fossil-fs5437-fs-5437-original?extParam=ivf%3Dfalse%26src%3Dsearch
69;FOSSIL FS5437 FS 5452;4;saya puas;https://www.tokopedia.com/sumisaenwatchstore/jam-tangan-pria-fossil-fs5437-fs-5437-original?extParam=ivf%3Dfalse%26src%3Dsearch
70;FOSSIL FS5437 FS 5453;4;sanagat puas barang sesuai pesann respon cepat n tepat waktu;https://www.tokopedia.com/sumisaenwatchstore/jam-tangan-pria-fossil-fs5437-fs-5437-original?extParam=ivf%3Dfalse%26src%3Dsearch
71;CASIO MTP-V004L-7AUDF;4;lumanyan lah jamnya. hanya kurang tau apakah bisa bertahan atau tidak;https://www.tokopedia.com/liga-arloji/casio-mtp-v004l-7audf-jam-tangan-pria-tali-kulit-mtpv004l?extParam=ivf%3Dfalse%26src%3Dsearch
72;CASIO MTP-V004L-7AUDF;4;god;https://www.tokopedia.com/liga-arloji/casio-mtp-v004l-7audf-jam-tangan-pria-tali-kulit-mtpv004l?extParam=ivf%3Dfalse%26src%3Dsearch
73;CASIO MTP-V004L-7AUDF;4;Jam nya bagus desain simple, cuman bhat kulitas strap nya kurang bagus agak keras;https://www.tokopedia.com/liga-arloji/casio-mtp-v004l-7audf-jam-tangan-pria-tali-kulit-mtpv004l?extParam=ivf%3Dfalse%26src%3Dsearch
74;CASIO MTP-V004L-7AUDF;4;barangnya asik, bagus dan betul water resistant. Ada sedikit kendala tanggal gak sesuai jadi perlu atur manual. Dan agak bingung juga buat ganti strap nya;https://www.tokopedia.com/liga-arloji/casio-mtp-v004l-7audf-jam-tangan-pria-tali-kulit-mtpv004l?extParam=ivf%3Dfalse%26src%3Dsearch
75;CASIO F-91WM-3ADF;4;Sesuai deskripsi Dan respon seller sep;https://www.tokopedia.com/liga-arloji/casio-f-91wm-3adf-jam-tangan-unisex-pria-wanita-f91w-f91wm-f-91wm-3a?extParam=ivf%3Dfalse%26src%3Dsearch
76;Roodolph Watch Erudite All Black (40mm);4;Jam nya oke sesuai dengan harganya, semoga ga gampang lecet warnanya. Tampilan oke juga, cocok buat dipake jalan jalan tapi ga cocok dipake di malam hari karena bukan jam digital. Overall 8/10;https://www.tokopedia.com/roodolphwatch/jam-tangan-pria-roodolph-watch-erudite-all-black-40mm?extParam=ivf%3Dfalse%26src%3Dsearch
77;Roodolph Watch Erudite All Black (40mm);4;PO nya agak lama, but overall jam nya bagusss;https://www.tokopedia.com/roodolphwatch/jam-tangan-pria-roodolph-watch-erudite-all-black-40mm?extParam=ivf%3Dfalse%26src%3Dsearch
78;Roodolph Watch Erudite All Black (40mm);4;Bagus keren, cuman harganya cepet naik hehe;https://www.tokopedia.com/roodolphwatch/jam-tangan-pria-roodolph-watch-erudite-all-black-40mm?extParam=ivf%3Dfalse%26src%3Dsearch
79;Roodolph Watch Erudite All Black (40mm);4;barangnya bagus, hanya saja kurir yang mengantarkan tidak sopan, meninggalkan barang di atas pintu tempat yang salah dan tidak memberikan kabar lewat telpon atau chat, untung saja saya cek resinya diluar tokopedia dan melihat keterangan, kalau tidak mungkin barang tidak akan sampai ke tangan saya, terimakasih;https://www.tokopedia.com/roodolphwatch/jam-tangan-pria-roodolph-watch-erudite-all-black-40mm?extParam=ivf%3Dfalse%26src%3Dsearch
80;Roodolph Watch Erudite All Black (40mm);4;Jam mantap kaliiii,;https://www.tokopedia.com/roodolphwatch/jam-tangan-pria-roodolph-watch-erudite-all-black-40mm?extParam=ivf%3Dfalse%26src%3Dsearch
81;Casio General MW-240-1E2VDF Original ;3;pilih Next day tapi sampe 2 hari ;https://www.tokopedia.com/gshockoriginal/jam-tangan-casio-general-mw-240-1e2vdf-original-murah-5bdb?extParam=ivf%3Dfalse%26src%3Dsearch&refined=true
82;Casio General MW-240-1E2VDF Original ;3;kemasan rusak;https://www.tokopedia.com/gshockoriginal/jam-tangan-casio-general-mw-240-1e2vdf-original-murah-5bdb?extParam=ivf%3Dfalse%26src%3Dsearch&refined=true
83;Casio General MW-240-1E2VDF Original ;3;Overall barang bagus , sesuai foto & deskripsi. Tp pelayanannya buruk. Saya menggunakan kurir 1 hari , dengan harapan sampai pada hari selanjutnya. nyatanya barang dikirim 8 hari kemudian. Apa gunanya paket kurir 1 hari. Dichat juga balasnya sangat simple. Jujur saya sangat kecewa dengan pelayanan nya. Saya memberikan penilaian ini secara fair , atas pelayanan yg saya alami.;https://www.tokopedia.com/gshockoriginal/jam-tangan-casio-general-mw-240-1e2vdf-original-murah-5bdb?extParam=ivf%3Dfalse%26src%3Dsearch&refined=true
84;Casio General MW-240-1E2VDF Original ;3;Semoga beneran ori;https://www.tokopedia.com/gshockoriginal/jam-tangan-casio-general-mw-240-1e2vdf-original-murah-5bdb?extParam=ivf%3Dfalse%26src%3Dsearch&refined=true
85;Casio Edifice EF 556 ;3;ternyata jamnya besar dan tebal, tak spt ekspektasi saya, btw mantab sih...;https://www.tokopedia.com/adventurez/jam-tangan-pria-merk-casio-edifice-ef-556-original-bm-free-jne-yes?extParam=ivf%3Dfalse&src=topads
86;Casio Edifice EF 556 ;3;Tks Gand brang sudah smpai sayangnya aga telat pengirimannya;https://www.tokopedia.com/adventurez/jam-tangan-pria-merk-casio-edifice-ef-556-original-bm-free-jne-yes?extParam=ivf%3Dfalse&src=topads
87;Casio Edifice EF 556 ;3;Terima kasih , barang sdh sampain sesusi pesanan;https://www.tokopedia.com/adventurez/jam-tangan-pria-merk-casio-edifice-ef-556-original-bm-free-jne-yes?extParam=ivf%3Dfalse&src=topads
88;FOSSIL FS5437 FS 5454;3;kualitas barang bagus sih. masalahnya dibilang ori tapi setelah dibawa ke toko ternyata gak ori (katanya mereka). tetap keren.;https://www.tokopedia.com/sumisaenwatchstore/jam-tangan-pria-fossil-fs5437-fs-5437-original?extParam=ivf%3Dfalse%26src%3Dsearch
89;FOSSIL FS5437 FS 5455;3;Jam nya agak tipis,,tp bagus;https://www.tokopedia.com/sumisaenwatchstore/jam-tangan-pria-fossil-fs5437-fs-5437-original?extParam=ivf%3Dfalse%26src%3Dsearch
90;FOSSIL FS5437 FS 5456;3;Haduuuh Chrononya Keduanya tdk Berfungsiii PayaaaH;https://www.tokopedia.com/sumisaenwatchstore/jam-tangan-pria-fossil-fs5437-fs-5437-original?extParam=ivf%3Dfalse%26src%3Dsearch
91;FOSSIL FS5437 FS 5457;3;Ga original, tapi ya harga segini emang ga bisa diharapkan untuk dapet original yg harganya Rp 1.9 jt;https://www.tokopedia.com/sumisaenwatchstore/jam-tangan-pria-fossil-fs5437-fs-5437-original?extParam=ivf%3Dfalse%26src%3Dsearch
92;FOSSIL FS5437 FS 5458;3;jarum detiknya kurang presisi kadang suka mundur sendiri;https://www.tokopedia.com/sumisaenwatchstore/jam-tangan-pria-fossil-fs5437-fs-5437-original?extParam=ivf%3Dfalse%26src%3Dsearch
93;CASIO F-91WM-3ADF;3;barang bagus, admin responsive, jasa pengiriman sungguh mengecewakan, pesan sameday barang dtg h+1;https://www.tokopedia.com/liga-arloji/casio-f-91wm-3adf-jam-tangan-unisex-pria-wanita-f91w-f91wm-f-91wm-3a?extParam=ivf%3Dfalse%26src%3Dsearch
94;Digitec DG-3119T;3;Barang good....nggak kekecilan dan tdk kebesaran.....pas lagh. Tapi pengirimanya lama...estimasi tgl 13-15....barang datang tgl 16.;https://www.tokopedia.com/liga-arloji/digitec-dg-3119t-jam-tangan-pria-double-time-ga2100-ga-2100?extParam=ivf%3Dfalse%26src%3Dsearch
95;Digitec DG-3119T;3;Overall toko ini bagus dan bertanggung jawab. Barang rusak dan dilakukan penggantian barang baru. Mungkin next nya diperhatikan cara packing yang aman, karena box mika saya Terima dalam kondisi pecah, jarum analog rusak. Barang pengganti sudah diterima kondisi baik,tapi diterima lumayan lama.;https://www.tokopedia.com/liga-arloji/digitec-dg-3119t-jam-tangan-pria-double-time-ga2100-ga-2100?extParam=ivf%3Dfalse%26src%3Dsearch
96;Digitec DG-3119T;3;kirain ukuran sedang.. ternyata kecil di lengen gw . pakah lengen ke gedea;https://www.tokopedia.com/liga-arloji/digitec-dg-3119t-jam-tangan-pria-double-time-ga2100-ga-2100?extParam=ivf%3Dfalse%26src%3Dsearch
97;Roodolph Watch Erudite All Black (40mm);3;dulu pertama kali beli disini dibonusin batre cadangan. pembelian kedua ga dikasih;https://www.tokopedia.com/roodolphwatch/jam-tangan-pria-roodolph-watch-erudite-all-black-40mm?extParam=ivf%3Dfalse%26src%3Dsearch
98;Roodolph Watch Erudite All Black (40mm);3;So So;https://www.tokopedia.com/roodolphwatch/jam-tangan-pria-roodolph-watch-erudite-all-black-40mm?extParam=ivf%3Dfalse%26src%3Dsearch
99;SKMEI 1251 Black Water Resistant 50M;3;Barang Sesuai, namun kenag cahrge ongkir, padahal free ongkir;https://www.tokopedia.com/skmeiofficialid/jam-tangan-pria-digital-skmei-1251-black-water-resistant-50m?extParam=ivf%3Dfalse%26src%3Dsearch
100;"Amazfit Bip U Pro Smartwatch 1.43"" Touch Screen, GPS jam tangan SpO2 - Bip 3 Pro Black";3;"untuk pengiriman cepat tetapi kartu garansi tidak ada tp dikirim ulang untuk jam terlalu kecil tdk sesuai untuk laki"" dan materialnya terlalu biasa dan kurang sensitif dgn gerakan";https://www.tokopedia.com/amazfitofficial-/amazfit-bip-u-pro-smartwatch-1-43-touch-screen-gps-jam-tangan-spo2-bip-3-pro-black?extParam=ivf%3Dfalse%26src%3Dsearch
101;"Amazfit Bip U Pro Smartwatch 1.43"" Touch Screen, GPS jam tangan SpO2 - Bip 3 Pro Black";3;nga dapet antigores nya...;https://www.tokopedia.com/amazfitofficial-/amazfit-bip-u-pro-smartwatch-1-43-touch-screen-gps-jam-tangan-spo2-bip-3-pro-black?extParam=ivf%3Dfalse%26src%3Dsearch
102;"Amazfit Bip U Pro Smartwatch 1.43"" Touch Screen, GPS jam tangan SpO2 - Bip 3 Pro Black";3;Harganya ternyata kemahalan. Produk yang sama, plus gift dan asesoris bisa 550an sd 700 di toko lain, padahal toko ini bilang sudah diskon dari 1.199.000 ;https://www.tokopedia.com/amazfitofficial-/amazfit-bip-u-pro-smartwatch-1-43-touch-screen-gps-jam-tangan-spo2-bip-3-pro-black?extParam=ivf%3Dfalse%26src%3Dsearch
103;"Amazfit Bip U Pro Smartwatch 1.43"" Touch Screen, GPS jam tangan SpO2 - Bip 3 Pro Black";3;saya tidak mendapatkan buku garansi.;https://www.tokopedia.com/amazfitofficial-/amazfit-bip-u-pro-smartwatch-1-43-touch-screen-gps-jam-tangan-spo2-bip-3-pro-black?extParam=ivf%3Dfalse%26src%3Dsearch
104;"Amazfit Bip U Pro Smartwatch 1.43"" Touch Screen, GPS jam tangan SpO2 - Bip 3 Pro Black";3;biasa aja;https://www.tokopedia.com/amazfitofficial-/amazfit-bip-u-pro-smartwatch-1-43-touch-screen-gps-jam-tangan-spo2-bip-3-pro-black?extParam=ivf%3Dfalse%26src%3Dsearch
105;"Amazfit Bip U Pro Smartwatch 1.43"" Touch Screen, GPS jam tangan SpO2 - Bip 3 Pro Black";3;pengirimannya agak lama, barangnya bagus, tapi sampai sekarang susah utk di connect ke handphone :(;https://www.tokopedia.com/amazfitofficial-/amazfit-bip-u-pro-smartwatch-1-43-touch-screen-gps-jam-tangan-spo2-bip-3-pro-black?extParam=ivf%3Dfalse%26src%3Dsearch
106;Eggel Valor Neo Bluetooth Call Smartwatch;3;setelah saya pakai selama satu hari tidak ada kendala yang begitu terasa sih, tapi ada beberapa watchfaces yang terlihat burik/kurang jelas saat dipakai, fitur shake nya kadang kurang optimal, untuk charging nya aman tapi agak ribet karena pakai magnet dan waktu charge nya yg lama. dan seller nya ngirim barang terlalu lama, saya checkout barang jam 5.30 tapi barang baru dikirim pukul 14.30 yang akhirnya butuh waktu 3 hari untuk barang nya sampai (gua kagak pakai gratis ongkir sengaja biar cepat kirim nya) dan berujung barang nya kagak bisa gua pakai buat acara, dah segitu aja sih;https://www.tokopedia.com/eggelindonesia/eggel-valor-neo-bluetooth-call-smartwatch-smart-watch-band?extParam=ivf%3Dfalse%26src%3Dsearch
107;Jam Tangan Pria Apollo Series ( Full Black );3;agus barangnya. tp prosesnya lama. sorry ya diedit. belum genap sebulan udah berembun, padahal gapernah dibawa kena air. mungkin karna kena cuaca ekstrem. sayangnya seller gaada respon untuk membantu ngatasin ini, akhirnya ya googleing sendiri. thanks;https://www.tokopedia.com/mcewatches/jam-tangan-pria-apollo-series-full-black?extParam=ivf%3Dfalse%26src%3Dsearch
108;Forester JTF 2007 Digital Sport Watch Waterproof;3;tombol atur jam bawah kanan rusak, tidak bisa setel waktu;https://www.tokopedia.com/foresterofficial/forester-jtf-2007-digital-sport-watch-waterproof?extParam=ivf%3Dfalse%26src%3Dsearch
109;Forester JTF 2007 Digital Sport Watch Waterproof;3;kurang puas. ga sesuai gambar;https://www.tokopedia.com/foresterofficial/forester-jtf-2007-digital-sport-watch-waterproof?extParam=ivf%3Dfalse%26src%3Dsearch
110;Jims Honey - Jam Tangan Wanita Kode 8123 Jam Tangan Best Seller - Hitam;3;Good lah;https://www.tokopedia.com/jims-honey/jims-honey-jam-tangan-wanita-kode-8123-jam-tangan-best-seller-hitam?extParam=ivf%3Dfalse%26src%3Dsearch
111;Jims Honey - Jam Tangan Wanita Kode 8123 Jam Tangan Best Seller - Hitam;3;talinya pendek;https://www.tokopedia.com/jims-honey/jims-honey-jam-tangan-wanita-kode-8123-jam-tangan-best-seller-hitam?extParam=ivf%3Dfalse%26src%3Dsearch
112;Jam Tangan Anak Digital SKMEI 1451 BK/BLUE Water resistant 30m;3;barang cukup bagus cuma sayng lam sampainya;https://www.tokopedia.com/skmeiofficialid/jam-tangan-anak-digital-skmei-1451-bk-blue-water-resistant-30m?extParam=ivf%3Dfalse%26src%3Dsearch
113;Jam Tangan Anak Digital SKMEI 1451 BK/BLUE Water resistant 30m;3;Barang bqgus, pengiriman lambaaaaat;https://www.tokopedia.com/skmeiofficialid/jam-tangan-anak-digital-skmei-1451-bk-blue-water-resistant-30m?extParam=ivf%3Dfalse%26src%3Dsearch
114;BIDEN Jam Tangan Pria Chronograph Tahan Air QUARTZ Top Bisnis Kasual - Kuning;3;bagus tapi blm tau tahan lama apa kg;https://www.tokopedia.com/watchyourhome/biden-jam-tangan-pria-chronograph-tahan-air-quartz-top-bisnis-kasual-kuning?extParam=ivf%3Dfalse&src=topads
115;BIDEN Jam Tangan Pria Chronograph Tahan Air QUARTZ Top Bisnis Kasual - Kuning;3;warna yg datang tidak sesuai;https://www.tokopedia.com/watchyourhome/biden-jam-tangan-pria-chronograph-tahan-air-quartz-top-bisnis-kasual-kuning?extParam=ivf%3Dfalse&src=topads
116;BIDEN Jam Tangan Pria Chronograph Tahan Air QUARTZ Top Bisnis Kasual - Kuning;3;beda warna, tapi tetep dikirim.;https://www.tokopedia.com/watchyourhome/biden-jam-tangan-pria-chronograph-tahan-air-quartz-top-bisnis-kasual-kuning?extParam=ivf%3Dfalse&src=topads
117;BIDEN Jam Tangan Pria Chronograph Tahan Air QUARTZ Top Bisnis Kasual - Kuning;3;pemutar kunci kalender pandai berubah sendiri;https://www.tokopedia.com/watchyourhome/biden-jam-tangan-pria-chronograph-tahan-air-quartz-top-bisnis-kasual-kuning?extParam=ivf%3Dfalse&src=topads
118;BIDEN Jam Tangan Pria Chronograph Tahan Air QUARTZ Top Bisnis Kasual - Kuning;3;warna tidak sesuai permintaan, minta hijau dateng biru..........;https://www.tokopedia.com/watchyourhome/biden-jam-tangan-pria-chronograph-tahan-air-quartz-top-bisnis-kasual-kuning?extParam=ivf%3Dfalse&src=topads
119;BIDEN Jam Tangan Pria Chronograph Tahan Air QUARTZ Top Bisnis Kasual - Kuning;3;pengiriman lambat dan respon lama;https://www.tokopedia.com/watchyourhome/biden-jam-tangan-pria-chronograph-tahan-air-quartz-top-bisnis-kasual-kuning?extParam=ivf%3Dfalse&src=topads
120;BIDEN Jam Tangan Pria Militer Digital&Analog Olahraga Tali Silikon - green black;3;strapnya keras, bahannya terlihat seperti jam mainan;https://www.tokopedia.com/watchyourhome/biden-jam-tangan-pria-chronograph-tahan-air-quartz-top-bisnis-kasual-kuning?extParam=ivf%3Dfalse&src=topads
121;BIDEN Jam Tangan Pria Chronograph Tahan Air QUARTZ Top Bisnis Kasual - Kuning;2;Kendala: Kemasan tidak aman, Pengiriman lama;https://www.tokopedia.com/watchyourhome/biden-jam-tangan-pria-chronograph-tahan-air-quartz-top-bisnis-kasual-kuning?extParam=ivf%3Dfalse&src=topads
122;BIDEN Jam Tangan Pria Chronograph Tahan Air QUARTZ Top Bisnis Kasual - Kuning;2;harga diskon ini tidak sesuai karena di lihat dr tmpt lain trnyta harga nya 365 ribu;https://www.tokopedia.com/watchyourhome/biden-jam-tangan-pria-chronograph-tahan-air-quartz-top-bisnis-kasual-kuning?extParam=ivf%3Dfalse&src=topads
123;BIDEN Jam Tangan Pria Militer Digital&Analog Olahraga Tali Silikon - green black;2;Kendala: Pelayanan penjual kurang;https://www.tokopedia.com/watchyourhome/biden-jam-tangan-pria-militer-digital-analog-olahraga-tali-silikon-green-black?extParam=ivf%3Dfalse&src=topads
124;BIDEN Jam Tangan Pria Militer Digital&Analog Olahraga Tali Silikon - green black;2;kondisi jam mati. jarum kendor.. harus servis ke tukang jam moga bisa ..;https://www.tokopedia.com/watchyourhome/biden-jam-tangan-pria-militer-digital-analog-olahraga-tali-silikon-green-black?extParam=ivf%3Dfalse&src=topads
125;Eggel Tempo 2 Full Touch Screen SmartWatch / Smart Watch / Band - Valor Neo;2;model lumayan bagus cuma baterainya parah. di charge tdk mau full, kualitas baterainya jelek.;https://www.tokopedia.com/eggelindonesia/eggel-tempo-2-full-touch-screen-smartwatch-smart-watch-band-valor-neo?extParam=ivf%3Dfalse%26src%3Dsearch
126;Eggel Tempo 2 Full Touch Screen SmartWatch / Smart Watch / Band - Valor Neo;2;Barang diterima bermasalah pada bagian strap. Walaupun di chat balesnya responsif, tapi ribet harus kirim ke sana lagi, mana biaya sendiri, padahal itungannya cacat produksi. Cukup kecewa dengan pembelian barang pertama dari eggle;https://www.tokopedia.com/eggelindonesia/eggel-tempo-2-full-touch-screen-smartwatch-smart-watch-band-valor-neo?extParam=ivf%3Dfalse%26src%3Dsearch
127;BIDEN jam tangan pria Santai Mode Bisnis Tahan Air Kuarsa Jam Tangan - Biru;2;Padahal sudah private message untuk cek QC trap sebelum packing, tapi tetap saja ada cacat di trap nya. seperti barang reject;https://www.tokopedia.com/watchyourhome/biden-jam-tangan-pria-santai-mode-bisnis-tahan-air-kuarsa-jam-tangan-biru?extParam=ivf%3Dfalse%26src%3Dsearch
128;BIDEN jam tangan pria Santai Mode Bisnis Tahan Air Kuarsa Jam Tangan - Biru;2;Barang datang kondisi strap severed/putus. Toko tidak mau tanggung jawab dengan mengirimkan kembali strap atau kompensasi bentuk lain, malah disarankan return ongkir tanggung sendiri. Harga watch 100 ribu disaranin bayar ongkir 40 ribu :) Saya kasih bintang 2 karena setidaknya CS tidak ngegas dari awal dan kooperatif walaupun tetap gak ada solusinya karena tokonya yang tidak mau tanggung jawab;https://www.tokopedia.com/watchyourhome/biden-jam-tangan-pria-santai-mode-bisnis-tahan-air-kuarsa-jam-tangan-biru?extParam=ivf%3Dfalse%26src%3Dsearch
129;BIDEN jam tangan pria Santai Mode Bisnis Tahan Air Kuarsa Jam Tangan - Cokelat;2;type tidak sesuai pesanan;https://www.tokopedia.com/watchyourhome/biden-jam-tangan-pria-santai-mode-bisnis-tahan-air-kuarsa-jam-tangan-biru?extParam=ivf%3Dfalse%26src%3Dsearch
130;BIDEN jam tangan pria Santai Mode Bisnis Tahan Air Kuarsa Jam Tangan - Cokelat;2;barang tidak sesuai, sblum order sudah ditanyakan stok jamnya tp setelah checkout gada info kalau stoknya habis malah dikirim barang yg asal ada;https://www.tokopedia.com/watchyourhome/biden-jam-tangan-pria-santai-mode-bisnis-tahan-air-kuarsa-jam-tangan-biru?extParam=ivf%3Dfalse%26src%3Dsearch
131;BIDEN jam tangan pria Santai Mode Bisnis Tahan Air Kuarsa Jam Tangan - Biru;2;"harga sama barang ga sesuai masa jarum yg panjang longgar di goyang"" bisa gerak trus cuma jarum detik nya doang yg berjalan yg lain ga";https://www.tokopedia.com/watchyourhome/biden-jam-tangan-pria-santai-mode-bisnis-tahan-air-kuarsa-jam-tangan-biru?extParam=ivf%3Dfalse%26src%3Dsearch
132;BIDEN jam tangan pria Santai Mode Bisnis Tahan Air Kuarsa Jam Tangan - Cokelat;2;jarum jam tidak berfungsi dengan baik. lepas dari porosnya.;https://www.tokopedia.com/watchyourhome/biden-jam-tangan-pria-santai-mode-bisnis-tahan-air-kuarsa-jam-tangan-biru?extParam=ivf%3Dfalse%26src%3Dsearch
133;BIDEN jam tangan pria Santai Mode Bisnis Tahan Air Kuarsa Jam Tangan - Biru;2;worthit lah jam murah plastikan dikasi kotak biar pricy dikit.;https://www.tokopedia.com/watchyourhome/biden-jam-tangan-pria-santai-mode-bisnis-tahan-air-kuarsa-jam-tangan-biru?extParam=ivf%3Dfalse%26src%3Dsearch
134;Jims Honey - Jam Tangan Wanita Kode 8125 Plus - Lengkap Box - Hitam;2;Maaf sy ubah bintangnya, ternyata jarum jam tidak jalan atau mati.. huft..;https://www.tokopedia.com/jims-honey/jims-honey-jam-tangan-wanita-kode-8125-plus-lengkap-box-hitam?extParam=ivf%3Dfalse%26src%3Dsearch
135;Jims Honey - Jam Tangan Wanita Kode 8125 Plus - Lengkap Box - Hitam;2;tali nya tertlalu pendek bgt jd buat yg agak gemuk pas bgt dan cepat putus;https://www.tokopedia.com/jims-honey/jims-honey-jam-tangan-wanita-kode-8125-plus-lengkap-box-hitam?extParam=ivf%3Dfalse%26src%3Dsearch
136;Jam Tangan Pria Digital SKMEI 1426 ARMYGREEN/BLACK Water resistant 50m;2;Lamaaaaaaaaa respon-konfirmasi orderan. Lamaaaaaa pengirimanya.;https://www.tokopedia.com/skmeiofficialid/jam-tangan-pria-digital-skmei-1426-armygreen-black-water-resistant-50m?extParam=ivf%3Dfalse%26src%3Dsearch
137;Jam Tangan Pria Digital SKMEI 1426 ARMYGREEN/BLACK Water resistant 50m;2;Ga sesuai, mnt hitam yg dtg ijo, ga ada konfirmasi lg, mana bacaan didus mntnya bintang 5 lg;https://www.tokopedia.com/skmeiofficialid/jam-tangan-pria-digital-skmei-1426-armygreen-black-water-resistant-50m?extParam=ivf%3Dfalse%26src%3Dsearch
138;Jam Tangan Pria Digital SKMEI 1426 ARMYGREEN/BLACK Water resistant 50m;2;tombolnya kendor...... kyk mau copot. kirimnya kelamaan, seperti bukan beli di official store.;https://www.tokopedia.com/skmeiofficialid/jam-tangan-pria-digital-skmei-1426-armygreen-black-water-resistant-50m?extParam=ivf%3Dfalse%26src%3Dsearch
139;Jam Tangan Pria Digital SKMEI 1426 ARMYGREEN/BLACK Water resistant 50m;2;nyala lampu nya gak rata + tombol tengah kanan gak fungsi yg harus nya buat tmbol light. semoga bisa lebih baik lagi;https://www.tokopedia.com/skmeiofficialid/jam-tangan-pria-digital-skmei-1426-armygreen-black-water-resistant-50m?extParam=ivf%3Dfalse%26src%3Dsearch
140;Jam Tangan Pria Digital SKMEI 1426 ARMYGREEN/BLACK Water resistant 50m;2;Pelayanan buruk, saya pesan tgl 12 februati baru dikirim tgl 15 dan tidak ada konfirmasi dari penjual, sebelum saya yang berinisiatif menanyakannya. fitur light tidak sesuai dengan gambar, digambar yang nyala angka jam, info hari, tgl, dan tahun, tapi barang yang saya dapatkan lampu menyorot dari samping, pengiriman sesuai;https://www.tokopedia.com/skmeiofficialid/jam-tangan-pria-digital-skmei-1426-armygreen-black-water-resistant-50m?extParam=ivf%3Dfalse%26src%3Dsearch
141;"Amazfit Bip 3 Pro Smartwatch 1.69"" Touch Screen, GPS jam tangan SpO2 - Cream";2; Beli 2 unit, yang hitam normal, yang putih nggak bisa di charger ;https://www.tokopedia.com/amazfitofficial-/amazfit-bip-3-pro-smartwatch-1-69-touch-screen-gps-jam-tangan-spo2-hitam?extParam=ivf%3Dfalse%26src%3Dsearch
142;"Amazfit Bip 3 Pro Smartwatch 1.69"" Touch Screen, GPS jam tangan SpO2 - Cream";2;Kurang akurat. Gps kdg gak baca;https://www.tokopedia.com/amazfitofficial-/amazfit-bip-3-pro-smartwatch-1-69-touch-screen-gps-jam-tangan-spo2-hitam?extParam=ivf%3Dfalse%26src%3Dsearch
143;"Amazfit Bip 3 Pro Smartwatch 1.69"" Touch Screen, GPS jam tangan SpO2 - Hitam";2;Pengalaman mengasikan berbelanja di toko ini. Menyandang nama Official Store tp gak profesional. Profil Toko ditulis, pesanan diproses lebih kurang 2 jam, ternyata pesanan saya diproses 36 jam (pembayaran di terima Tokped 7 Januari, pesanan diproses 9 Januari). Toko hanya beda Kecamatan pengiriman 2 hari, itu pun krn saya ambil ke Staging Storenya.;https://www.tokopedia.com/amazfitofficial-/amazfit-bip-3-pro-smartwatch-1-69-touch-screen-gps-jam-tangan-spo2-hitam?extParam=ivf%3Dfalse%26src%3Dsearch
144;"Amazfit Bip 3 Pro Smartwatch 1.69"" Touch Screen, GPS jam tangan SpO2 - Hitam";2;pengiriman nya lambat sekali. nyangkut di anter aja cimahi sampe 7 hari.........;https://www.tokopedia.com/amazfitofficial-/amazfit-bip-3-pro-smartwatch-1-69-touch-screen-gps-jam-tangan-spo2-hitam?extParam=ivf%3Dfalse%26src%3Dsearch
145;"Amazfit Bip 3 Pro Smartwatch 1.69"" Touch Screen, GPS jam tangan SpO2 - Hitam";2;Bagus sih, sudah dicoba untuk sepeda, hiking, walking. Tapi baru 33 hari, sudah mati, tidak bangun lagi, layar gelap, di charge gak bisa, akhirnya harus antri service di Unicom Roxy. Semoga bisa diperbaiki atau diganti baru secepatnya. Masa baru beli, baru pake, lalu rusak.;https://www.tokopedia.com/amazfitofficial-/amazfit-bip-3-pro-smartwatch-1-69-touch-screen-gps-jam-tangan-spo2-hitam?extParam=ivf%3Dfalse%26src%3Dsearch
146;jam tangan pria BIDEN Bisnis Mewah Otomatis Date Tahan Air Kuarsa jam - putih;2;jam tangan tidak setipis seperti di fotonya;https://www.tokopedia.com/watchyourhome/jam-tangan-pria-biden-bisnis-mewah-otomatis-date-tahan-air-kuarsa-jam-black?extParam=ivf%3Dfalse%26src%3Dsearch
147;jam tangan pria BIDEN Bisnis Mewah Otomatis Date Tahan Air Kuarsa jam - black;2;gak layak dipake. ukurannya terlalu kecil untuk dipake cowok, lebih cocok untuk dipake cewek.;https://www.tokopedia.com/watchyourhome/jam-tangan-pria-biden-bisnis-mewah-otomatis-date-tahan-air-kuarsa-jam-black?extParam=ivf%3Dfalse%26src%3Dsearch
148;jam tangan pria BIDEN Bisnis Mewah Otomatis Date Tahan Air Kuarsa jam - black;2;barang yg diterima ngk ada masalah sesuai dari promosi foto namun yg masalah disini soal ukuran agk kekecilan;https://www.tokopedia.com/watchyourhome/jam-tangan-pria-biden-bisnis-mewah-otomatis-date-tahan-air-kuarsa-jam-black?extParam=ivf%3Dfalse%26src%3Dsearch
149;jam tangan pria BIDEN Bisnis Mewah Otomatis Date Tahan Air Kuarsa jam - black;2;tolong tanggapan ini gmn cara garansinya?;https://www.tokopedia.com/watchyourhome/jam-tangan-pria-biden-bisnis-mewah-otomatis-date-tahan-air-kuarsa-jam-black?extParam=ivf%3Dfalse%26src%3Dsearch
150;jam tangan pria BIDEN Bisnis Mewah Otomatis Date Tahan Air Kuarsa jam - black;2;jam y nggk anti air kena air lngsng ngembun tdk sesui iklan;https://www.tokopedia.com/watchyourhome/jam-tangan-pria-biden-bisnis-mewah-otomatis-date-tahan-air-kuarsa-jam-black?extParam=ivf%3Dfalse%26src%3Dsearch
151;jam tangan pria BIDEN Bisnis Mewah Otomatis Date Tahan Air Kuarsa jam - black;2;nda sesuai;https://www.tokopedia.com/watchyourhome/jam-tangan-pria-biden-bisnis-mewah-otomatis-date-tahan-air-kuarsa-jam-black?extParam=ivf%3Dfalse%26src%3Dsearch
152;jam tangan pria BIDEN Bisnis Mewah Otomatis Date Tahan Air Kuarsa jam - black;2;Terima kasih atas pelayanan yang telah mengecewakan;https://www.tokopedia.com/watchyourhome/jam-tangan-pria-biden-bisnis-mewah-otomatis-date-tahan-air-kuarsa-jam-black?extParam=ivf%3Dfalse%26src%3Dsearch
153;jam tangan pria BIDEN Bisnis Mewah Otomatis Date Tahan Air Kuarsa jam - black;2;am Tangan , bagian ujung lepas,;https://www.tokopedia.com/watchyourhome/jam-tangan-pria-biden-bisnis-mewah-otomatis-date-tahan-air-kuarsa-jam-black?extParam=ivf%3Dfalse%26src%3Dsearch
154;jam tangan pria BIDEN Bisnis Mewah Otomatis Date Tahan Air Kuarsa jam - black;2;warnanya tidak sesuai pesanan;https://www.tokopedia.com/watchyourhome/jam-tangan-pria-biden-bisnis-mewah-otomatis-date-tahan-air-kuarsa-jam-black?extParam=ivf%3Dfalse%26src%3Dsearch
155;jam tangan pria BIDEN Bisnis Mewah Otomatis Date Tahan Air Kuarsa jam - black;2;ya gitu deh;https://www.tokopedia.com/watchyourhome/jam-tangan-pria-biden-bisnis-mewah-otomatis-date-tahan-air-kuarsa-jam-black?extParam=ivf%3Dfalse%26src%3Dsearch
156;jam tangan pria BIDEN Bisnis Mewah Otomatis Date Tahan Air Kuarsa jam - black;2;sorry. tku;https://www.tokopedia.com/watchyourhome/jam-tangan-pria-biden-bisnis-mewah-otomatis-date-tahan-air-kuarsa-jam-black?extParam=ivf%3Dfalse%26src%3Dsearch
157;jam tangan pria BIDEN Bisnis Mewah Otomatis Date Tahan Air Kuarsa jam - black;2;barang tidak sesuai di foto;https://www.tokopedia.com/watchyourhome/jam-tangan-pria-biden-bisnis-mewah-otomatis-date-tahan-air-kuarsa-jam-black?extParam=ivf%3Dfalse%26src%3Dsearch
158;"Amazfit Bip 3 Smartwatch 1.69"" Ultra-large Color Display 50 watch face - Hitam";2;di iklan ada bundle strap tapi pas dateng ga ada sama sekali wkwk;https://www.tokopedia.com/amazfitofficial-/amazfit-bip-3-smartwatch-1-69-ultra-large-color-display-50-watch-face-hitam?extParam=ivf%3Dfalse%26src%3Dsearch%26whid%3D13204860
159;VYATTA Fitme Pro Smartwatch - Custom Watch Face, Full Touch, Metal - BLACK;2;pengiriman tidak sesuai dengan estimasi,kurir si cepat bermasalah,pelapak tidak memperhatikan pula,harus di komplain dahulu,baru terkirim.;https://www.tokopedia.com/vyattaid/vyatta-fitme-pro-smartwatch-custom-watch-face-full-touch-metal-black?extParam=ivf%3Dfalse%26src%3Dsearch
160;VYATTA Fitme Pro Smartwatch - Custom Watch Face, Full Touch, Metal - BLACK;2;jam sudah saya terima , tapi kenapa jamnya tidak bisa on ? padahal saya sudah ikut instruksi di manual book nya. Jangan jangan barangnya rusak yang dikirim ?;https://www.tokopedia.com/vyattaid/vyatta-fitme-pro-smartwatch-custom-watch-face-full-touch-metal-black?extParam=ivf%3Dfalse%26src%3Dsearch
161;VYATTA Fitme Pro Smartwatch - Custom Watch Face, Full Touch, Metal - PURPLE;1;Barang tidak berfungsi dan tidak bisa dicarg;https://www.tokopedia.com/vyattaid/vyatta-fitme-pro-smartwatch-custom-watch-face-full-touch-metal-black?extParam=ivf%3Dfalse%26src%3Dsearch
162;VYATTA Fitme Pro Smartwatch - Custom Watch Face, Full Touch, Metal - BLACK;1;pin di strap kurang satu, barang cacat tidak layak dijual.;https://www.tokopedia.com/vyattaid/vyatta-fitme-pro-smartwatch-custom-watch-face-full-touch-metal-black?extParam=ivf%3Dfalse%26src%3Dsearch
163;VYATTA Fitme Pro Smartwatch - Custom Watch Face, Full Touch, Metal - BLACK;1;lama responnya, padahal order pakai gosend instant, masa pengirimannya bisa 3 Hari..;https://www.tokopedia.com/vyattaid/vyatta-fitme-pro-smartwatch-custom-watch-face-full-touch-metal-black?extParam=ivf%3Dfalse%26src%3Dsearch
164;VYATTA Fitme Pro Smartwatch - Custom Watch Face, Full Touch, Metal - BLACK;1;barang tidak saya terima;https://www.tokopedia.com/vyattaid/vyatta-fitme-pro-smartwatch-custom-watch-face-full-touch-metal-black?extParam=ivf%3Dfalse%26src%3Dsearch
165;VYATTA Fitme Pro Smartwatch - Custom Watch Face, Full Touch, Metal - BLACK;1;2x salah kirim barang zzz. yg pertama dikirim kabel yg pas komplain dikirim yg champ zzz;https://www.tokopedia.com/vyattaid/vyatta-fitme-pro-smartwatch-custom-watch-face-full-touch-metal-black?extParam=ivf%3Dfalse%26src%3Dsearch
166;VYATTA Fitme Pro Smartwatch - Custom Watch Face, Full Touch, Metal - BLACK;1;Beli tgl 5 agustus sek sudah rusak.. awalnya lampu hijau menyala terus pdhal sedang tidak dipakai, lalu batre habis dan sek tidak mw mengisi ketika di charge.. sudah chatt tp tdk ad kemajuan tiap hari ditanya kendala melulu pdhal sudah dijelaskan..bagaimana ini VYATTA??;https://www.tokopedia.com/vyattaid/vyatta-fitme-pro-smartwatch-custom-watch-face-full-touch-metal-black?extParam=ivf%3Dfalse%26src%3Dsearch
167;VYATTA Fitme Pro Smartwatch - Custom Watch Face, Full Touch, Metal - BLACK;1;Baru dipakai sehari setelah dtg sudah copot switch nya :(;https://www.tokopedia.com/vyattaid/vyatta-fitme-pro-smartwatch-custom-watch-face-full-touch-metal-black?extParam=ivf%3Dfalse%26src%3Dsearch
168;VYATTA Fitme Pro Smartwatch - Custom Watch Face, Full Touch, Metal - BLACK;1;Barangnya rusak;https://www.tokopedia.com/vyattaid/vyatta-fitme-pro-smartwatch-custom-watch-face-full-touch-metal-black?extParam=ivf%3Dfalse%26src%3Dsearch
169;VYATTA Fitme Pro Smartwatch - Custom Watch Face, Full Touch, Metal - BLACK;1;Jam ini baru saya beli 2 minggu sudah mati total, proses klaim ribet, sampai sekarang tidak jelas bagaimana harus klaim garansi jam ini.;https://www.tokopedia.com/vyattaid/vyatta-fitme-pro-smartwatch-custom-watch-face-full-touch-metal-black?extParam=ivf%3Dfalse%26src%3Dsearch
170;REBIRTH Jam Tangan Wanita Squre Mode Tali silikon Tahan Air Jam Tangan - Hitam;1;payah, pengiriman lewat dari tgl estimasinya;https://www.tokopedia.com/watchyourhome/rebirth-jam-tangan-wanita-squre-mode-tali-silikon-tahan-air-jam-tangan-hitam?extParam=ivf%3Dfalse%26src%3Dsearch
171;REBIRTH Jam Tangan Wanita Squre Mode Tali silikon Tahan Air Jam Tangan - Hitam;1;batrenya mati. kalo barangnya di kirim cek kondisinya lah jangan jam udah mati batrenya tetap di kirim ke pelanggan;https://www.tokopedia.com/watchyourhome/rebirth-jam-tangan-wanita-squre-mode-tali-silikon-tahan-air-jam-tangan-hitam?extParam=ivf%3Dfalse%26src%3Dsearch
172;REBIRTH Jam Tangan Wanita Squre Mode Tali silikon Tahan Air Jam Tangan - Hitam;1;jam nya baru dipake belum ada seminggu sudah mati;https://www.tokopedia.com/watchyourhome/rebirth-jam-tangan-wanita-squre-mode-tali-silikon-tahan-air-jam-tangan-hitam?extParam=ivf%3Dfalse%26src%3Dsearch
173;"SKMEI ORIGINAL ""TAHAN AIR"" Casio Men Sport LED - Jam Tangan Keren - Cokelat Muda";1;Barang datang rongsokan ..tidak hidup saya kecewa..mau di kembalikan menggunakan uang lagi.Ribet...harusnya penjual mengusahakan pengambilan barang bukan pelanggan jadi sibuk ..gimana mau maju konsumen di suruh mengeluarkan uang demi mengembalikan barang rongsokan;https://www.tokopedia.com/rraawo/skmei-original-tahan-air-casio-men-sport-led-jam-tangan-keren-cokelat-muda?extParam=ivf%3Dfalse%26src%3Dsearch
174;"SKMEI ORIGINAL ""TAHAN AIR"" Casio Men Sport LED - Jam Tangan Keren - Cokelat Muda";1;Kok baru sampe langsung mati jamnya??;https://www.tokopedia.com/rraawo/skmei-original-tahan-air-casio-men-sport-led-jam-tangan-keren-cokelat-muda?extParam=ivf%3Dfalse%26src%3Dsearch
175;"SKMEI ORIGINAL ""TAHAN AIR"" Casio Men Sport LED - Jam Tangan Keren - Cokelat Muda";1;Barang udh nyampe..................;https://www.tokopedia.com/rraawo/skmei-original-tahan-air-casio-men-sport-led-jam-tangan-keren-cokelat-muda?extParam=ivf%3Dfalse%26src%3Dsearch
176;"SKMEI ORIGINAL ""TAHAN AIR"" Casio Men Sport LED - Jam Tangan Keren - Cokelat Muda";1;Sangat kecewa. Slow respon. Order tgl 10..sampe tgl 13;https://www.tokopedia.com/rraawo/skmei-original-tahan-air-casio-men-sport-led-jam-tangan-keren-cokelat-muda?extParam=ivf%3Dfalse%26src%3Dsearch
177;"SKMEI ORIGINAL ""TAHAN AIR"" Casio Men Sport LED - Jam Tangan Keren - Cokelat Muda";1;payaaaaaaaaaaaaaaaaaaaaaaaaaaaaaaaaaaaaaaaaaaaaaaah 2 hari langsung rusak;https://www.tokopedia.com/rraawo/skmei-original-tahan-air-casio-men-sport-led-jam-tangan-keren-cokelat-muda?extParam=ivf%3Dfalse%26src%3Dsearch
178;"SKMEI ORIGINAL ""TAHAN AIR"" Casio Men Sport LED - Jam Tangan Keren - Cokelat Muda";1;kurang puas karena warna tidak sesuai.;https://www.tokopedia.com/rraawo/skmei-original-tahan-air-casio-men-sport-led-jam-tangan-keren-cokelat-muda?extParam=ivf%3Dfalse%26src%3Dsearch
179;"SKMEI ORIGINAL ""TAHAN AIR"" Casio Men Sport LED - Jam Tangan Keren - Cokelat Muda";1;sebelum dikirim hendaknya di cek terlebih dahulu agar kepuasan pembeli terpenuhi dan tidak kecewa;https://www.tokopedia.com/rraawo/skmei-original-tahan-air-casio-men-sport-led-jam-tangan-keren-cokelat-muda?extParam=ivf%3Dfalse%26src%3Dsearch
180;jam tangan pria BIDEN Bisnis Mewah Otomatis Date Tahan Air Kuarsa jam - Hitam;1;jam rusak;https://www.tokopedia.com/watchyourhome/jam-tangan-pria-biden-bisnis-mewah-otomatis-date-tahan-air-kuarsa-jam-black?extParam=ivf%3Dfalse%26src%3Dsearch
181;jam tangan pria BIDEN Bisnis Mewah Otomatis Date Tahan Air Kuarsa jam - Hitam;1;dagangnya ga jujur. brg returan mau terima dan dana dari toped juga mau terima. pembeli dirugikan!!! penjual jujur pasti laporan ke toped kl dana tlg kembalikan ke pembeli krn brg returan sdh terima. atau jika sdh terlanjur ditransfer sama toped maka langaung balas ke toped tgl agar dikembalikan ke pembeli krn brg returan sdh diterima. tapi ini ga ada niat sama sekali. diminta baik baik malah merasa ga salah!!!!;https://www.tokopedia.com/watchyourhome/jam-tangan-pria-biden-bisnis-mewah-otomatis-date-tahan-air-kuarsa-jam-black?extParam=ivf%3Dfalse%26src%3Dsearch
182;jam tangan pria BIDEN Bisnis Mewah Otomatis Date Tahan Air Kuarsa jam - Hitam;1;spt nya bukan stainless, mudah karat dan warnanya pudar;https://www.tokopedia.com/watchyourhome/jam-tangan-pria-biden-bisnis-mewah-otomatis-date-tahan-air-kuarsa-jam-black?extParam=ivf%3Dfalse%26src%3Dsearch
183;jam tangan pria BIDEN Bisnis Mewah Otomatis Date Tahan Air Kuarsa jam - Hitam;1;apaan ini , main selesai aja jelas kecewa tidak bertanggung jawab ,pesanan belum sama sekali saya terima;https://www.tokopedia.com/watchyourhome/jam-tangan-pria-biden-bisnis-mewah-otomatis-date-tahan-air-kuarsa-jam-black?extParam=ivf%3Dfalse%26src%3Dsearch
184;jam tangan pria BIDEN Bisnis Mewah Otomatis Date Tahan Air Kuarsa jam - Hitam;1;Pengait Patah .. males komplain , ada bagus nya barang di cek sebelum kirim agar pembeli tidak kecewa , ;https://www.tokopedia.com/watchyourhome/jam-tangan-pria-biden-bisnis-mewah-otomatis-date-tahan-air-kuarsa-jam-black?extParam=ivf%3Dfalse%26src%3Dsearch
185;jam tangan pria BIDEN Bisnis Mewah Otomatis Date Tahan Air Kuarsa jam - Hitam;1;BARANG TIDAK SESUAI PESANAN. JANGAN BELI DI SINI PIHAK TOKO DI CHAT LAMA BALES NYA DAN PELAYANAN NYA BURUK. SANGAT KURANG TELITI DALAM PENGIRIMAN BARANG. MAKASIH;https://www.tokopedia.com/watchyourhome/jam-tangan-pria-biden-bisnis-mewah-otomatis-date-tahan-air-kuarsa-jam-black?extParam=ivf%3Dfalse%26src%3Dsearch
186;jam tangan pria BIDEN Bisnis Mewah Otomatis Date Tahan Air Kuarsa jam - Hitam;1;Ternyata keterangan otomatisnya hanya tanggalan bukan mesinnya. sungguh ajaib. Tolong update keterangan produk supaya terlihat lebih elegan.;https://www.tokopedia.com/watchyourhome/jam-tangan-pria-biden-bisnis-mewah-otomatis-date-tahan-air-kuarsa-jam-black?extParam=ivf%3Dfalse%26src%3Dsearch
187;jam tangan pria BIDEN Bisnis Mewah Otomatis Date Tahan Air Kuarsa jam - Putih;1;kacanya tebel sih, keren tpi pas apesss dtngnya kaca pecah garis rambut;https://www.tokopedia.com/watchyourhome/jam-tangan-pria-biden-bisnis-mewah-otomatis-date-tahan-air-kuarsa-jam-black?extParam=ivf%3Dfalse%26src%3Dsearch
188;jam tangan pria BIDEN Bisnis Mewah Otomatis Date Tahan Air Kuarsa jam - Putih;1;kecewa sy, gak sesuai pesanan. kalo jualan yang betullah..., biar betul hidupnya dunia akhirat.;https://www.tokopedia.com/watchyourhome/jam-tangan-pria-biden-bisnis-mewah-otomatis-date-tahan-air-kuarsa-jam-black?extParam=ivf%3Dfalse%26src%3Dsearch
189;jam tangan pria BIDEN Bisnis Mewah Otomatis Date Tahan Air Kuarsa jam - Hitam;1;tidak sesuai pick;https://www.tokopedia.com/watchyourhome/jam-tangan-pria-biden-bisnis-mewah-otomatis-date-tahan-air-kuarsa-jam-black?extParam=ivf%3Dfalse%26src%3Dsearch
190;jam tangan pria BIDEN Bisnis Mewah Otomatis Date Tahan Air Kuarsa jam - Hitam;1;jarum jam selalu terlambat, tanggal tidak berfungsi dah gitu saja;https://www.tokopedia.com/watchyourhome/jam-tangan-pria-biden-bisnis-mewah-otomatis-date-tahan-air-kuarsa-jam-black?extParam=ivf%3Dfalse%26src%3Dsearch
191;jam tangan pria BIDEN Bisnis Mewah Otomatis Date Tahan Air Kuarsa jam - Hitam;1;tidak sesuai dengan yg d harapkan soalnya kategorinya jam tangan pria sedangkan yg sampai jam tangan wanita;https://www.tokopedia.com/watchyourhome/jam-tangan-pria-biden-bisnis-mewah-otomatis-date-tahan-air-kuarsa-jam-black?extParam=ivf%3Dfalse%26src%3Dsearch
192;jam tangan wanita BIDEN mode bisnis 3ATM Tahan Air wanita Mewah Kasual - Putih;1;Barang dikembalikan karena hilang saat pengiriman. kecewa karena yang dibutuhkan barangnya,;https://www.tokopedia.com/watchyourhome/jam-tangan-wanita-biden-mode-bisnis-3atm-tahan-air-wanita-mewah-kasual-putih?extParam=ivf%3Dfalse%26src%3Dsearch
193;jam tangan wanita BIDEN mode bisnis 3ATM Tahan Air wanita Mewah Kasual - Hitam;1;pengirimanya terlalu lama,dari tanggal pesanan'skrg brubsampe;https://www.tokopedia.com/watchyourhome/jam-tangan-wanita-biden-mode-bisnis-3atm-tahan-air-wanita-mewah-kasual-putih?extParam=ivf%3Dfalse%26src%3Dsearch
194;jam tangan wanita BIDEN mode bisnis 3ATM Tahan Air wanita Mewah Kasual - Putih;1;"komplain krn jam di setting masi tidak menyala jawaban dr admin hanya ""ok""";https://www.tokopedia.com/watchyourhome/jam-tangan-wanita-biden-mode-bisnis-3atm-tahan-air-wanita-mewah-kasual-putih?extParam=ivf%3Dfalse%26src%3Dsearch
195;jam tangan wanita BIDEN mode bisnis 3ATM Tahan Air wanita Mewah Kasual - Putih;1;barang tidak sesuai gambar,mengecewakan;https://www.tokopedia.com/watchyourhome/jam-tangan-wanita-biden-mode-bisnis-3atm-tahan-air-wanita-mewah-kasual-putih?extParam=ivf%3Dfalse%26src%3Dsearch
196;jam tangan wanita BIDEN mode bisnis 3ATM Tahan Air wanita Mewah Kasual - Hitam;1;kecewa.. beli nya 3 pcs tetapi yang datang hanya 2 pcs;https://www.tokopedia.com/watchyourhome/jam-tangan-wanita-biden-mode-bisnis-3atm-tahan-air-wanita-mewah-kasual-putih?extParam=ivf%3Dfalse%26src%3Dsearch
197;BIDEN Jam Tangan Pria Digital&Analog Olahraga Militer Pria TaliSilikon - Hitam;1;saya tidak menerima barangnya .... kena tipu ternyata....hati2 yg mau beli di toko ini lagi...;https://www.tokopedia.com/watchyourhome/biden-jam-tangan-pria-digital-analog-olahraga-militer-pria-talisilikon-hitam?extParam=ivf%3Dfalse%26src%3Dsearch
198;BIDEN Jam Tangan Pria Digital&Analog Olahraga Militer Pria TaliSilikon - Hitam;1;jam tangan rusak;https://www.tokopedia.com/watchyourhome/biden-jam-tangan-pria-digital-analog-olahraga-militer-pria-talisilikon-hitam?extParam=ivf%3Dfalse%26src%3Dsearch
199;BIDEN Jam Tangan Pria Digital&Analog Olahraga Militer Pria TaliSilikon - Hitam;1;tidak sesuai dengan apa yang diorder;https://www.tokopedia.com/watchyourhome/biden-jam-tangan-pria-digital-analog-olahraga-militer-pria-talisilikon-hitam?extParam=ivf%3Dfalse%26src%3Dsearch
200;BIDEN Jam Tangan Pria Digital&Analog Olahraga Militer Pria TaliSilikon - Hitam;1;saya kecewa ternyata barang sampe dalam kondisi tidak berfungsi dengan baik;https://www.tokopedia.com/watchyourhome/biden-jam-tangan-pria-digital-analog-olahraga-militer-pria-talisilikon-hitam?extParam=ivf%3Dfalse%26src%3Dsearch
;;;;
;;;;
;;;;
;;;;
;;;;
;;;;
;;;;
;;;;
;;;;
;;;;
;;;;
;;;;
;;;;
;;;;
;;;;
;;;;
;;;;
;;;;
;;;;
;;;;
;;;;
;;;;
;;;;
;;;;
;;;;
;;;;
;;;;
;;;;
;;;;
;;;;
;;;;
;;;;
;;;;
;;;;
;;;;
;;;;
;;;;
;;;;
;;;;
;;;;
;;;;
;;;;
;;;;
;;;;
;;;;
;;;;
;;;;
;;;;
;;;;
;;;;
;;;;
;;;;
;;;;
;;;;
;;;;
;;;;
;;;;
;;;;
;;;;
;;;;
;;;;
;;;;
;;;;
;;;;
;;;;
;;;;
;;;;
;;;;
;;;;
;;;;
;;;;
;;;;
;;;;
;;;;
;;;;
;;;;
;;;;
;;;;
;;;;
;;;;
;;;;
;;;;
;;;;
;;;;
;;;;
;;;;
;;;;
;;;;
;;;;
;;;;
;;;;
;;;;
;;;;
;;;;
;;;;
;;;;
;;;;
;;;;
;;;;
;;;;
;;;;
;;;;
;;;;
;;;;
;;;;
;;;;
;;;;
;;;;
;;;;
;;;;
;;;;
;;;;
;;;;
;;;;
;;;;
;;;;
;;;;
;;;;
;;;;
;;;;
;;;;
;;;;
;;;;
;;;;
;;;;
;;;;
;;;;
;;;;
;;;;
;;;;
;;;;
;;;;
;;;;
;;;;
;;;;
;;;;
;;;;
;;;;
;;;;
;;;;
;;;;
;;;;
;;;;
;;;;
;;;;
;;;;
;;;;
;;;;
;;;;
;;;;
;;;;
;;;;
;;;;
;;;;
;;;;
;;;;
;;;;
;;;;
;;;;
;;;;
;;;;
;;;;
;;;;
;;;;
;;;;
;;;;
;;;;
;;;;
;;;;
;;;;
;;;;
;;;;
;;;;
;;;;
;;;;
;;;;
;;;;
;;;;
;;;;
;;;;
;;;;
;;;;
;;;;
;;;;
;;;;
;;;;
;;;;
;;;;
;;;;
;;;;
;;;;
;;;;
;;;;
;;;;
;;;;
;;;;
;;;;
;;;;
;;;;
;;;;
;;;;
;;;;
;;;;
;;;;
;;;;
;;;;
;;;;
;;;;
;;;;
;;;;
;;;;
;;;;
;;;;
;;;;
;;;;
;;;;
;;;;
;;;;
;;;;
;;;;
;;;;
;;;;
;;;;
;;;;
;;;;
;;;;
;;;;
;;;;
;;;;
;;;;
;;;;
;;;;
;;;;
;;;;
;;;;
;;;;
;;;;
;;;;
;;;;
;;;;
;;;;
;;;;
;;;;
;;;;
;;;;
;;;;
;;;;
;;;;
;;;;
;;;;
;;;;
;;;;
;;;;
;;;;
;;;;
;;;;
;;;;
;;;;
;;;;
;;;;
;;;;
;;;;
;;;;
;;;;
;;;;
;;;;
;;;;
;;;;
;;;;
;;;;
;;;;
;;;;
;;;;
;;;;
;;;;
;;;;
;;;;
;;;;
;;;;
;;;;
;;;;
;;;;
;;;;
;;;;
;;;;
;;;;
;;;;
;;;;
;;;;
;;;;
;;;;
;;;;
;;;;
;;;;
;;;;
;;;;
;;;;
;;;;
;;;;
